max set,mean set,min set
-22.58232058511239,-48.48731123677607,-76.61742531084477
