max set,mean set,min set
30.15910487615287,22.091742367510818,14.863966724356139
