max set,mean set,min set
42.385470192785235,33.003894606559435,22.522351295466805
