max set,mean set,min set
-38.215551054942,-67.77897143037472,-103.75018184523307
