max set,mean set,min set
34.17850089090342,26.551436956125684,18.79813907876306
