max set,mean set,min set
-36.675547042457694,-58.26744727055598,-88.05219207236235
